STABR,POPU_LSA,F_POPLSA,POPU_UND,POPU_ST,CENTLIB,F_CENLIB,BRANLIB,F_BRLIB,BKMOB,F_BKMOB,MASTER,F_MASTER,LIBRARIA,F_LIBRAR,OTHPAID,F_OTHSTF,TOTSTAFF,F_TOTSTF,LOCGVT,F_LOCGVT,STGVT,F_STGVT,FEDGVT,F_FEDGVT,OTHINCM,F_OTHINC,TOTINCM,F_TOTINC,SALARIES,F_SALX,BENEFIT,F_BENX,STAFFEXP,F_TOSTFX,PRMATEXP,F_PRMATX,ELMATEXP,F_ELMATX,OTHMATEX,F_OTMATX,TOTEXPCO,F_TOCOLX,OTHOPEXP,F_OTHOPX,TOTOPEXP,F_TOTOPX,LCAP_REV,F_LCAPRV,SCAP_REV,F_SCAPRV,FCAP_REV,F_FCAPRV,OCAP_REV,F_OCAPRV,CAP_REV,F_TCAPRV,CAPITAL,F_TCAPX,BKVOL,F_BKVOL,EBOOK,F_EBOOK,AUDIO_PH,F_AUD_PH,AUDIO_DL,F_AUD_DL,VIDEO_PH,F_VID_PH,VIDEO_DL,F_VID_DL,EC_LO_OT,F_EC_L_O,EC_ST,F_EC_ST,ELECCOLL,F_ELECOL,SUBSCRIP,F_PRSUB,HRS_OPEN,F_HRS_OP,VISITS,F_VISITS,REFERENC,F_REFER,REGBOR,F_REGBOR,TOTCIR,F_TOTCIR,KIDCIRCL,F_KIDCIR,ELMATCIR,F_EMTCIR,PHYSCIR,F_PHYSCR,ELINFO,F_ELINFO,ELCONT,F_ELCONT,TOTCOLL,F_TOTCOL,LOANTO,F_LOANTO,LOANFM,F_LOANFM,TOTPRO,F_TOTPRO,KIDPRO,F_KIDPRO,YAPRO,F_YAPRO,TOTATTEN,F_TOTATT,KIDATTEN,F_KIDATT,YAATTEN,F_YAATT,GPTERMS,F_GPTERM,PITUSR,F_PITUSR,WIFISESS,F_WIFISS,WEBVISIT,STARTDAT,ENDDATE,INCITSST,YR_SUB,OBEREG
AK,649334,R_19,649334,731007,80,R_19,15,R_19,1,R_19,67.06,IF19,127.15,IF19,182.63,IF19,309.78,IF19,37214707,IF19,956786,IF19,620107,IF19,1366505,IF19,40158105,IF19,15047708,IF19,9510175,IF19,24557883,IF19,2030654,IF19,689162,IF19,446537,IF19,3166353,IF19,9136746,IF19,36860982,IF19,697262,R_19,0,R_19,0,R_19,0,R_19,697262,R_19,232984,IF19,2232659,IF19,1488545,IF19,116970,IF19,752107,IF19,301071,IF19,43782,IF19,338,R_19,3920,R_19,4258,R_19,4423,IF19,140482,IF19,3109280,IF19,349526,IF19,378335,IF19,5081695,IF19,1516011,IF19,1272760,IF19,3808935,IF19,947765,IF19,2220525,IF19,6029460,IF19,5394,IF19,7840,IF19,14969,IF19,8816,IF19,1752,IF19,295211,IF19,213535,IF19,18255,IF19,958,IF19,563257,IF19,643913,IF19,3455774,01/01/2018,06/30/2019,02,2019,08
AL,4874747,R_19,4874747,4874747,223,R_19,72,R_19,14,R_19,340.81,R_19,767.68,R_19,901.06,R_19,1668.74,R_19,97634693,R_19,4848159,R_19,980316,R_19,9516923,R_19,112980091,R_19,58089045,R_19,16296773,R_19,74385818,R_19,6480196,R_19,2305995,R_19,2072024,R_19,10858215,R_19,22883946,R_19,108127979,R_19,1305648,R_19,0,R_19,20000,R_19,255146,R_19,1580794,R_19,3069901,R_19,8693533,R_19,8968322,R_19,434174,R_19,4398555,IF19,715556,R_19,478847,IF19,661,R_19,13664,R_19,14325,R_19,7414,R_19,617927,R_19,14451907,R_19,3627890,IF19,2555947,R_19,20623478,R_19,7063233,R_19,3579917,R_19,17043561,R_19,9829902,R_19,13409819,R_19,30453380,R_19,398140,IF19,407193,IF19,62178,R_19,29289,R_19,8123,IF19,1462840,R_19,909660,R_19,172129,IF19,4767,R_19,3415488,IF19,8609919,IF19,11199477,10/01/2018,09/30/2019,01,2019,05
AR,2891314,R_19,2753540,2988248,60,R_19,167,R_19,3,R_19,162.02,IF19,390.86,IF19,736.64,IF19,1127.5,IF19,75076372,IF19,5648939,IF19,17115,IF19,7779631,IF19,88522057,IF19,39206628,IF19,12606334,IF19,51812962,IF19,4907907,IF19,2888017,IF19,1700807,IF19,9496731,IF19,18002370,IF19,79312063,IF19,2238356,IF19,109866,IF19,0,IF19,32893,IF19,2381115,IF19,10560985,IF19,5897291,IF19,3909643,IF19,238837,IF19,2415717,IF19,583391,IF19,197700,IF19,332,IF19,4860,R_19,5192,IF19,5859,IF19,407065,IF19,9235711,IF19,2123342,IF19,1660623,IF19,14012936,IF19,4120239,IF19,2467238,IF19,11545698,IF19,1026522,IF19,3493760,IF19,15039458,IF19,28896,IF19,25424,IF19,53528,IF19,28927,IF19,9116,IF19,1223256,IF19,801085,IF19,144211,IF19,2891,IF19,1448891,IF19,2686707,IF19,13712458,01/01/2019,12/31/2019,05,2019,05
AS,58500,R_19,58500,58500,1,R_19,1,R_19,0,R_19,2,R_19,2,R_19,8,R_19,10,R_19,0,R_19,317000,R_19,111729,R_19,10426,R_19,439155,R_19,201073,R_19,19973,R_19,221046,R_19,11262,R_19,6809,R_19,4870,R_19,22941,R_19,91428,R_19,335415,R_19,0,R_19,0,R_19,0,R_19,0,R_19,0,R_19,0,R_19,44397,R_19,1265,R_19,895,R_19,0,R_19,365,R_19,0,R_19,0,R_19,0,R_19,0,R_19,63,R_19,1872,R_19,40307,R_19,492,R_19,14980,R_19,8952,R_19,5464,R_19,686,R_19,8266,R_19,0,R_19,686,R_19,8952,R_19,0,R_19,0,R_19,303,R_19,303,R_19,0,R_19,4909,R_19,4909,R_19,0,R_19,20,R_19,7382,R_19,1393,R_19,343,10/01/2018,09/30/2019,60,2019,09
AZ,11332976,R_19,7187990,7187990,84,R_19,139,R_19,10,R_19,496.3,IF19,602.1,IF19,1546.71,IF19,2148.81,IF19,199767766,IF19,1752611,IF19,1609225,IF19,6897782,IF19,210027384,IF19,84888489,IF19,32596977,IF19,117485466,IF19,14874602,IF19,8973333,IF19,3497247,IF19,27345182,IF19,53247514,IF19,198078162,IF19,23098295,IF19,69000,IF19,0,IF19,412572,IF19,23579867,IF19,10017715,IF19,7632129,IF19,9211176,IF19,572565,IF19,7122669,IF19,1178696,IF19,493590,IF19,480,IF19,2759,R_19,3239,IF19,11147,IF19,499419,IF19,23446011,IF19,2262817,IF19,3158036,IF19,49271934,IF19,13862351,IF19,14054440,IF19,35217494,IF19,8833535,IF19,22887975,IF19,58105469,IF19,472975,IF19,445723,IF19,94996,IF19,47442,IF19,9161,IF19,1726810,IF19,1141404,IF19,118911,IF19,5435,IF19,4245809,IF19,11372940,IF19,40773914,07/01/2018,06/30/2019,04,2019,06
CA,39911441,E_19,39911441,39927315,201,R_19,972,R_19,53,R_19,3420.09,IF19,3691.11,IF19,8791.68,IF19,12482.79,IF19,1678117625,IF19,56678809,IF19,3483082,IF19,102273932,IF19,1840553448,IF19,726113446,IF19,395916558,IF19,1122030004,IF19,90723000,IF19,55939494,IF19,21330033,IF19,167992527,IF19,475550906,IF19,1765573437,IF19,186814290,IF19,100612,IF19,608046,IF19,12249060,IF19,199772008,IF19,94999742,IF19,60245875,IF19,22165644,IF19,3135194,IF19,10554514,IF19,5333816,IF19,2359904,IF19,4675,IF19,490,IF19,5165,IF19,123693,IF19,2502097,R_19,148410446,IF19,16390905,IF19,23513182,IF19,228325855,IF19,92981560,IF19,38449875,IF19,189875980,IF19,46089625,IF19,84539500,IF19,274415480,IF19,3747074,IF19,3461130,IF19,450409,IF19,259410,IF19,43748,IF19,11260846,IF19,8238260,IF19,608265,IF19,24245,R_19,24552124,IF19,58313908,IF19,115159941,07/01/2018,06/30/2019,06,2019,08
CO,5662210,R_19,5604144,5667952,95,R_19,168,R_19,14,R_19,663.34,IF19,969.38,IF19,2521.11,IF19,3490.49,IF19,320477013,IF19,1798012,IF19,734176,IF19,23002086,IF19,346011287,IF19,161962998,IF19,48548514,IF19,210511512,IF19,17407147,IF19,18533553,IF19,7695307,IF19,43636007,IF19,73565192,IF19,327712711,IF19,5342470,IF19,1566255,IF19,33000,IF19,689575,IF19,7631300,IF19,33919240,IF19,9485445,IF19,4547944,IF19,897794,IF19,3932144,IF19,1363985,IF19,650836,IF19,19651,IF19,85,IF19,19736,IF19,19253,IF19,638399,IF19,29581592,IF19,3760251,IF19,3505064,IF19,64122896,IF19,24103051,IF19,12064685,IF19,52058211,IF19,8272070,IF19,20336755,IF19,72394966,IF19,1778790,IF19,1507214,IF19,138928,IF19,83597,IF19,11426,IF19,3063296,IF19,2110329,IF19,184595,IF19,7019,IF19,5122178,IF19,9578695,IF19,38858893,01/01/2019,12/31/2019,08,2019,07
CT,4349902,R_19,3572665,3572665,192,R_19,46,R_19,5,R_19,775.68,IF19,1117.58,IF19,1173.67,IF19,2291.25,IF19,181962029,IF19,957983,IF19,500656,IF19,26222103,IF19,209642771,IF19,125982755,IF19,35315009,IF19,161297764,IF19,11483947,IF19,5207105,IF19,2661240,IF19,19352292,IF19,38648224,IF19,219298280,IF19,19220697,IF19,2580773,IF19,0,IF19,8211471,IF19,30012941,IF19,30782036,IF19,13114727,IF19,2793723,IA19,784985,IF19,1203349,IA19,1312326,IF19,35686,IA19,1671,IF19,7261,IF19,8932,IF19,18003,IF19,556913,IF19,20128731,IF19,3135257,IF19,1515417,IF19,26175255,IF19,9361467,IF19,2702375,IF19,23472880,IF19,2762892,IF19,5465267,IF19,28938147,IF19,974750,IF19,902862,IF19,118858,IF19,58528,IF19,10505,IF19,2347830,IF19,1394836,IF19,134633,IF19,4391,IF19,3563331,IF19,3732461,IF19,12047033,07/01/2018,06/30/2019,09,2019,01
DC,705749,R_19,705749,705749,0,R_19,26,R_19,0,R_19,125,R_19,125,R_19,415,R_19,540,R_19,59660541,R_19,0,R_19,1029875,R_19,137335,R_19,60827751,R_19,36752905,R_19,8685496,R_19,45438401,R_19,2040715,R_19,1679486,R_19,223030,R_19,3943231,R_19,12524702,R_19,61906334,R_19,84809010,R_19,0,R_19,0,R_19,0,R_19,84809010,R_19,70960016,R_19,970927,R_19,32427,R_19,26068,R_19,14053,R_19,76113,R_19,814,R_19,80,R_19,0,R_19,80,R_19,1874,R_19,81734,R_19,3820005,R_19,839892,IA19,446000,R_19,4864772,R_19,1653677,R_19,1582457,R_19,3282315,R_19,1977457,R_19,3559914,R_19,6842229,R_19,5,R_19,75,R_19,13794,R_19,8210,R_19,658,R_19,407560,R_19,271890,R_19,9081,R_19,1000,R_19,944377,R_19,523250,R_19,4932200,10/01/2018,09/30/2019,11,2019,02
DE,967974,R_19,967974,967974,19,R_19,14,R_19,2,R_19,68.23,R_19,128.36,R_19,238.56,R_19,366.92,R_19,26021961,R_19,3842529,R_19,12575,R_19,1696855,R_19,31573920,R_19,14206609,R_19,5127951,R_19,19334560,R_19,1827252,R_19,292275,R_19,413759,R_19,2533286,R_19,8859498,R_19,30727344,R_19,5678803,R_19,1503416,R_19,50000,R_19,1237982,R_19,8470201,R_19,9354194,R_19,1452621,R_19,539458,R_19,121964,R_19,181110,R_19,168410,R_19,21147,R_19,37,R_19,126,R_19,163,R_19,3435,R_19,84787,R_19,4056165,R_19,791659,IF19,324644,R_19,5593421,R_19,1829279,R_19,556806,R_19,5036615,R_19,83914,R_19,640720,R_19,5677335,R_19,787707,R_19,790433,R_19,23482,R_19,7935,R_19,2323,R_19,350797,R_19,158908,R_19,21801,R_19,1045,R_19,509487,R_19,1049567,R_19,1404980,07/01/2018,06/30/2019,10,2019,02
FL,21503969,R_19,21015318,21208589,60,R_19,480,R_19,20,R_19,1751.06,IF19,2009.18,IF19,4462.2,IF19,6471.38,IF19,625455308,IF19,21303280,IF19,1572796,IF19,24990193,IF19,673321577,IF19,264363153,IF19,103375439,IF19,367738592,IF19,33694922,IF19,26392322,IF19,10205706,IF19,70292950,IF19,183120827,IF19,621152369,IF19,32733658,IF19,99244,IF19,0,IF19,3665549,IF19,36498451,IF19,48119735,IF19,26035166,IF19,10571615,IF19,1639841,IF19,46415086,IF19,3433644,IF19,899886,IF19,1020,IF19,5265,R_19,6285,IF19,36348,IF19,1276543,IF19,63288735,IF19,19350692,IF19,12364713,IF19,103313885,IF19,31864274,IF19,19891636,IF19,83422249,IF19,16785567,IF19,36677203,IF19,120099452,IF19,114963,IF19,132521,IF19,277677,IF19,116654,IF19,23802,IF19,5776780,IF19,3331722,IF19,440523,IF19,17358,IF19,13401242,IF19,14694672,IF19,74842061,10/01/2018,09/30/2019,12,2019,05
GA,10766121,R_19,10766121,10766121,61,R_19,338,R_19,9,R_19,595.86,R_19,595.86,R_19,2133.92,R_19,2729.78,R_19,164531418,R_19,35086583,R_19,337362,R_19,14070190,R_19,214025553,R_19,103418366,R_19,44204066,R_19,147622432,R_19,11628802,R_19,5424160,R_19,1926762,R_19,18979724,R_19,39864619,R_19,206466775,R_19,24092131,R_19,12868033,R_19,30000,R_19,409146,R_19,37399310,R_19,37106866,IF19,15817114,R_19,1175116,R_19,503851,R_19,1168910,R_19,1222040,R_19,148385,R_19,278,R_19,3844,R_19,4122,R_19,13309,R_19,832686,R_19,26002521,R_19,6031951,IF19,4309531,R_19,35985756,R_19,15885077,R_19,4381515,R_19,31604241,R_19,1728824,R_19,6110339,R_19,37714580,R_19,18743,IF19,14929,IF19,105045,R_19,52299,R_19,9821,R_19,2548648,R_19,1675232,R_19,162292,R_19,9547,R_19,10964375,R_19,4824449,R_19,41665760,07/01/2018,06/30/2019,13,2019,05
GU,168678,R_19,168678,168678,1,R_19,5,R_19,0,R_19,0,R_19,0,R_19,20,R_19,20,R_19,1217900,R_19,0,R_19,0,R_19,7728,R_19,1225628,R_19,621444,R_19,237476,R_19,858920,R_19,70315,R_19,13077,R_19,0,R_19,83392,R_19,75351,R_19,1017663,R_19,0,R_19,0,R_19,162142,R_19,0,R_19,162142,R_19,0,R_19,278963,R_19,0,R_19,295,R_19,0,R_19,1433,R_19,0,R_19,2,R_19,0,R_19,2,R_19,21,R_19,4011,R_19,100095,R_19,29448,R_19,68298,R_19,33691,R_19,16947,R_19,0,R_19,33691,R_19,0,R_19,0,R_19,33691,R_19,0,R_19,0,R_19,1431,R_19,888,R_19,35,R_19,14103,R_19,12867,R_19,47,R_19,732,R_19,10067,R_19,2438,R_19,83628,10/01/2018,09/30/2019,66,2019,09
HI,1420593,R_19,1420593,1420593,1,R_19,50,R_19,2,R_19,177,R_19,179,R_19,385.5,R_19,564.5,R_19,0,R_19,36878556,R_19,1394598,R_19,1990012,R_19,40263166,R_19,25447179,R_19,258246,R_19,25705425,R_19,2059919,R_19,2882152,R_19,83723,R_19,5025794,R_19,8394974,R_19,39126193,R_19,0,R_19,11700000,R_19,0,R_19,0,R_19,11700000,R_19,2444633,R_19,2895611,R_19,104812,R_19,113000,R_19,31416,R_19,173762,R_19,0,R_19,0,R_19,111,R_19,111,R_19,2276,R_19,93742,R_19,3435595,R_19,542845,R_19,992190,R_19,5624901,R_19,2289922,R_19,878058,R_19,4746843,R_19,32109768,R_19,32987826,R_19,37734669,R_19,163,R_19,31,R_19,12601,R_19,8842,R_19,1659,R_19,293135,R_19,220152,R_19,35080,R_19,583,R_19,793281,R_19,542335,R_19,853189,07/01/2018,06/30/2019,15,2019,08
IA,3095494,R_19,3065260,3148618,543,R_19,24,R_19,4,R_19,315.02,IF19,1019.05,IF19,762.67,IF19,1781.72,IF19,126587731,IF19,2508272,IF19,47108,IF19,9228165,IF19,138371276,IF19,69406712,IF19,23361525,IF19,92768237,IF19,9505032,IF19,3376899,IF19,2816737,IF19,15698668,IF19,24896105,IF19,133363010,IF19,24270086,IF19,802746,IF19,4839,IF19,7531314,IF19,32608985,IF19,26735305,IF19,11602054,IF19,22220442,IF19,640839,IF19,10111224,IF19,1195776,IF19,31564,IF19,1149,IF19,19044,IF19,20193,IF19,23739,IF19,1015288,IF19,16447394,IF19,1539530,IF19,1894288,IF19,24530487,IF19,8908508,IF19,2796955,IF19,21733532,IF19,2689713,IF19,5486668,IF19,27220200,IF19,436741,IF19,359925,IF19,104573,IF19,61959,IF19,9203,IF19,2159842,IF19,1556283,IF19,138292,IF19,5076,IF19,2471388,IF19,4864769,IF19,8167125,07/01/2018,06/30/2019,19,2019,04
ID,1506630,R_19,1506630,1787065,100,R_19,50,R_19,12,R_19,107.61,R_19,237.45,R_19,607.54,R_19,844.99,R_19,58550862,R_19,2104753,R_19,119371,R_19,4749710,R_19,65524696,R_19,28925674,R_19,9335071,R_19,38260745,R_19,3941181,R_19,2014160,R_19,887701,R_19,6843042,R_19,16397645,R_19,61501432,R_19,1187312,R_19,30758,R_19,72583,R_19,763465,R_19,2054118,R_19,4674151,R_19,4238484,IF19,831813,R_19,219783,R_19,407520,R_19,374972,R_19,953,R_19,166,R_19,5304,R_19,5470,R_19,4705,R_19,286389,IF19,8291157,R_19,1048781,IF19,890519,R_19,16380775,R_19,7003313,IF19,1925472,R_19,14455303,R_19,1268205,R_19,3193677,R_19,17648980,R_19,852180,R_19,802922,R_19,40593,R_19,24335,R_19,4186,R_19,1027183,R_19,709017,R_19,66539,R_19,2144,R_19,1397108,IF19,2451662,IF19,8198182,10/01/2018,09/30/2019,16,2019,07
IL,11730170,R_19,11730170,12741080,623,R_19,156,R_19,17,R_19,2240.46,R_19,3280.84,R_19,5301.04,R_19,8581.88,R_19,799247755,R_19,31286743,R_19,2362964,R_19,45885092,R_19,878782554,R_19,396731250,IF19,111273821,IF19,508005071,IF19,43609436,IF19,27890347,IF19,13744894,IF19,85244677,IF19,192117165,IF19,785366913,IF19,38443559,R_19,1875511,IF19,26937,IF19,5731776,IF19,46077783,IF19,69538142,IF19,38460088,IF19,33600083,IF19,2798372,IF19,15902618,IF19,3797701,IF19,1248005,IF19,6579,IF19,8099,R_19,14678,IF19,89176,IF19,1928415,R_19,60853034,IF19,8972942,IF19,4652077,IF19,105751742,IF19,40491856,IF19,11093021,IF19,94658721,R_19,27881108,IF19,38974129,IF19,133632850,IF19,6069156,IF19,6093951,IF19,255414,IF19,143641,IF19,29894,IF19,5522573,IF19,3709927,IF19,422014,IF19,16552,R_19,9656121,IF19,29817175,IF19,62395831,12/01/2017,06/30/2019,17,2019,03
IN,6207854,R_19,6100143,6483802,235,R_19,189,R_19,26,R_19,999.51,IF19,1526.94,IF19,2885.36,IF19,4412.3,IF19,344443356,IF19,25926005,IF19,1052753,IF19,26175670,IF19,397597784,IF19,161484651,IF19,53742238,IF19,215226889,IF19,23383170,IF19,16239376,IF19,7936255,IF19,47558801,IF19,91823901,IF19,354609591,IF19,40483813,IF19,1735344,IF19,1101800,IF19,12688834,IF19,56009791,IF19,47338883,IF19,21183322,IF19,12359334,IF19,1223284,IF19,3821104,IF19,2319324,IF19,458651,IF19,15142,IF19,20768,R_19,35910,IF19,34770,IF19,1085979,IF19,30246982,IF19,3692075,IF19,2822258,IF19,65173193,IF19,21379367,IF19,13369680,IF19,51803513,IF19,16975756,IF19,30345436,IF19,82148949,IF19,846744,IF19,878539,IF19,157623,IF19,84688,IF19,17265,IF19,3132114,IF19,1889355,IF19,231946,IF19,8188,IF19,4764015,IF19,18157923,IF19,273151723,01/01/2019,12/31/2019,18,2019,03
KS,2510916,R_19,2510916,2911505,324,R_19,47,R_19,8,R_19,284.9,R_19,729.36,R_19,1048.2,R_19,1777.56,R_19,134547272,IF19,4283953,R_19,94289,R_19,14507591,IF19,153433105,IF19,68232018,IF19,22250782,IF19,90482800,IF19,7848595,IF19,4278868,IF19,2817249,IF19,14944712,IF19,39909858,IF19,145337370,IF19,2492494,R_19,0,R_19,0,R_19,1810745,R_19,4303239,R_19,1610721,IF19,8659726,R_19,42365426,R_19,451789,IF19,11926919,R_19,991693,IF19,120595,IF19,556,IF19,24050,R_19,24606,IF19,11625,IF19,696394,IF19,13463340,IF19,1914823,IF19,1608515,IF19,25230274,R_19,9867809,IF19,2302641,R_19,22927633,IF19,1336094,IF19,3638735,IF19,26566368,IF19,784848,IF19,797388,IF19,76940,IF19,45990,IF19,9246,IF19,1452413,IF19,1045745,IF19,135394,IF19,3810,IF19,2379220,IF19,5594195,IF19,7220011,01/01/2019,12/31/2019,20,2019,04
KY,4461272,R_19,4442274,4461272,120,R_19,84,R_19,72,R_19,393.05,R_19,1322.11,R_19,972.38,R_19,2294.49,R_19,194421067,R_19,6236046,R_19,188186,R_19,8449279,R_19,209294578,R_19,75367203,R_19,30683344,R_19,106050547,R_19,10546998,R_19,7009913,R_19,4215633,R_19,21772544,R_19,36353955,R_19,164177046,R_19,10922256,R_19,600080,R_19,0,R_19,9357947,R_19,20880283,R_19,55359115,R_19,9143825,R_19,17177939,R_19,541992,R_19,4219905,R_19,1031831,R_19,349775,R_19,1042,R_19,7102,R_19,8144,R_19,13413,R_19,627509,R_19,16156952,R_19,3534129,R_19,2705376,R_19,28888023,R_19,9076928,R_19,4212905,R_19,24675118,R_19,5549576,R_19,9762481,R_19,34437599,R_19,45135,R_19,64324,R_19,107725,R_19,54504,R_19,10673,R_19,2648873,R_19,1331456,R_19,208538,R_19,4979,R_19,3627808,R_19,4753966,IF19,19187852,07/01/2018,06/30/2019,21,2019,05
LA,4609199,R_19,4609199,4648794,67,R_19,270,R_19,26,R_19,464.46,IF19,1221.96,IF19,1577.94,IF19,2799.9,IF19,263117241,IF19,5005868,IF19,337053,IF19,10341419,IF19,278801581,IF19,103143556,IF19,38525895,IF19,141669451,IF19,12231153,IF19,8158618,IF19,5675233,IF19,26065004,IF19,58831332,IF19,226565787,IF19,5794231,IF19,8842,IF19,4719,IF19,2683680,IF19,8491472,IF19,32793890,IF19,11417466,IF19,8437382,IF19,463294,IF19,5406106,IF19,1354828,IF19,663622,IF19,1328,IF19,3294,IF19,4622,IF19,19921,IF19,804026,IF19,15934343,IF19,4208591,IF19,2349358,IF19,21990297,IF19,5376067,IF19,4203229,IF19,17787068,IF19,16690418,IF19,20893647,IF19,38680715,IF19,73674,IF19,94416,IF19,94148,IF19,46012,IF19,14621,IF19,2241664,IF19,1195209,IF19,277961,IF19,5881,IF19,4471280,IF19,4441128,IF19,12492885,01/01/2019,12/31/2019,22,2019,05
MA,6816486,R_19,6814178,6814406,369,R_19,92,R_19,6,R_19,1309.38,IF19,1952.94,IF19,1848.44,IF19,3801.38,IF19,295635918,IF19,12002619,IF19,646272,IF19,28048893,IF19,336333702,IF19,213530510,IF19,35611000,IF19,249141510,IF19,22950761,IF19,11265237,IF19,6736894,IF19,40952892,IF19,56810281,IF19,346904683,IF19,22426351,IF19,17695644,IF19,22509,IF19,8320122,IF19,48464626,IF19,44602116,IF19,28936651,IF19,16981346,IF19,1514810,IF19,6395552,IF19,2197217,IF19,450403,IF19,4895,IF19,16236,R_19,21131,IF19,45538,IF19,945106,IF19,39203478,IF19,4907436,IF19,3940689,IF19,54841102,IF19,20413819,IF19,7643342,IF19,47197760,IF19,7632407,IF19,15275749,IF19,62473509,IF19,6431156,IF19,6525579,IF19,185264,IF19,92384,IF19,18233,IF19,3380240,IF19,2163489,IF19,217311,IF19,7008,IF19,5195528,IF19,31293063,IF19,115322269,07/01/2018,06/30/2019,25,2019,01
MD,6016447,R_19,6016447,6016447,14,R_19,176,R_19,21,R_19,680.29,R_19,1384.04,R_19,1955.58,R_19,3339.62,R_19,230251686,R_19,58770972,R_19,2997086,R_19,33844017,R_19,325863761,R_19,163334272,R_19,67285484,R_19,230619756,R_19,18330744,R_19,12192727,R_19,7722593,R_19,38246064,R_19,39698593,R_19,308564413,R_19,17748804,R_19,3500258,R_19,0,R_19,2421754,R_19,23670816,R_19,24716845,R_19,10076618,R_19,3022499,R_19,911547,R_19,1840627,R_19,1073258,R_19,227269,R_19,768,R_19,384,R_19,1152,R_19,15902,R_19,519422,R_19,24904544,R_19,7831005,R_19,3383525,R_19,56179833,R_19,22233449,R_19,7342689,R_19,48837144,R_19,8923712,R_19,16266401,R_19,65103545,R_19,441651,R_19,493878,R_19,100019,R_19,57475,R_19,11195,R_19,2591245,R_19,1732393,R_19,218429,R_19,5410,R_19,4978818,R_19,29875116,R_19,23120427,07/01/2018,06/30/2019,24,2019,02
ME,1311255,R_19,1261040,1344212,256,R_19,4,R_19,1,R_19,160.6,IF19,364.6,IF19,340.04,IF19,704.64,IF19,37804757,IF19,364906,IF19,382,IF19,12993815,IF19,51163860,IF19,28373558,IF19,7210244,IF19,35583802,IF19,3360608,IF19,421603,IF19,598664,IF19,4380875,IF19,11338858,IF19,51303535,IF19,3042145,IF19,0,IF19,6925,IF19,4801843,IF19,7850913,IF19,6075010,IF19,6094863,IF19,2898805,IF19,246635,IF19,1620435,IF19,447889,IF19,163764,IF19,20482,IF19,0,R_19,20482,IF19,8947,IF19,375494,R_19,6645905,IF19,630994,IF19,655007,IF19,8037382,IF19,3040763,IF19,575095,IF19,7462287,IF19,578008,IF19,1153103,IF19,8615390,IF19,582569,IF19,616288,IF19,50871,IF19,25586,IF19,4521,IF19,732253,IF19,417778,IF19,43142,IF19,1880,R_19,697319,IF19,1364958,IF19,2623492,04/01/2018,12/31/2019,23,2019,01
MI,9850649,R_19,9850649,9901737,393,R_19,251,R_19,9,R_19,1296.37,IF19,1863.76,IF19,3051.09,IF19,4914.85,IF19,430607544,IF19,13621468,IF19,246794,IF19,28317912,IF19,472793718,IF19,197574328,IF19,67588872,IF19,265163200,IF19,25071602,IF19,12987330,IF19,10158924,IF19,48217856,IF19,114312885,IF19,427693941,IF19,7198800,IF19,67663,IF19,4022091,IF19,8504591,IF19,19793145,IF19,49109084,IF19,25927628,IF19,16143669,IF19,1813520,IF19,8398587,IF19,2736392,IF19,1346683,IF19,2156,IF19,181,IF19,2337,IF19,42192,IF19,1461888,IF19,43740673,IF19,7345539,IF19,4334288,IF19,75914774,IF19,25174954,IF19,9905445,IF19,66009329,IF19,6048808,IF19,15954253,IF19,81963582,IF19,2750596,IF19,2849725,IF19,176938,IF19,86147,IF19,15773,IF19,4103312,IF19,2537427,IF19,267628,IF19,12518,IF19,6975685,IF19,13495883,IF19,49810999,12/01/2017,09/30/2019,26,2019,03
MN,5965664,R_19,5639632,5639632,128,R_19,227,R_19,9,R_19,565.27,IF19,874.16,IF19,1410.64,IF19,2284.8,IF19,215428028,IF19,8060502,IF19,253779,IF19,19303322,IF19,243045631,IF19,114192105,IF19,37686023,IF19,151878128,IF19,13492753,IF19,6942377,IF19,3831323,IF19,24266453,IF19,58965807,IF19,235110388,IF19,24197117,IF19,806000,IF19,12460,IF19,150509,IF19,25166086,IF19,33839868,IF19,13474520,IF19,6133793,R_19,786911,IF19,1210528,R_19,1081443,IF19,33754,R_19,837,R_19,6800,R_19,7637,R_19,21981,IF19,728554,IF19,21901792,IF19,3021877,IF19,3781932,IF19,51248291,IF19,20747226,IF19,7743237,IF19,43505054,IF19,4275506,IF19,12018743,IF19,55523797,IF19,1260851,IF19,1281279,IF19,72848,IF19,41984,IF19,6716,IF19,1586037,IF19,1169305,IF19,79030,IF19,5663,R_19,3875044,IF19,6654573,IF19,28992115,01/01/2019,12/31/2019,27,2019,04
MO,5463832,R_19,5463832,6126452,139,R_19,227,R_19,24,R_19,305.28,R_19,847.68,R_19,2458.95,R_19,3306.63,R_19,274895250,R_19,3749472,R_19,2255770,R_19,19926393,R_19,300826885,R_19,118081892,R_19,35447532,R_19,153529424,R_19,17536246,R_19,13804310,R_19,7133077,R_19,38473633,R_19,72436151,R_19,264439208,R_19,1555050,R_19,0,R_19,116769,R_19,3668701,R_19,5340520,R_19,59484104,R_19,15462067,R_19,9597848,R_19,931986,R_19,2525806,R_19,1357443,R_19,294062,R_19,1189,R_19,1428,R_19,2617,R_19,27695,R_19,905258,IF19,24163531,R_19,2953455,R_19,3224013,R_19,51843064,R_19,16923846,R_19,8522690,R_19,43320374,R_19,7561611,R_19,16084301,R_19,59404675,R_19,531518,R_19,560753,R_19,124784,R_19,66628,R_19,10652,R_19,2660804,R_19,1949910,R_19,152683,R_19,4802,R_19,4238491,R_19,4117501,IF19,26312454,01/01/2018,10/31/2019,29,2019,04
MP,51433,R_19,51433,51433,1,R_19,2,R_19,1,R_19,2,R_19,6,R_19,13,R_19,19,R_19,669645,R_19,0,R_19,118705,R_19,0,R_19,788350,R_19,463926,R_19,120305,R_19,584231,R_19,9458,R_19,0,R_19,0,R_19,9458,R_19,123953,R_19,717642,R_19,0,R_19,0,R_19,0,R_19,0,R_19,0,R_19,0,R_19,82199,R_19,5000,R_19,279,R_19,0,R_19,4725,R_19,0,R_19,0,R_19,0,R_19,0,R_19,60,R_19,6248,R_19,147983,R_19,3045,R_19,51626,R_19,54414,R_19,13508,R_19,8137,R_19,46277,R_19,0,R_19,8137,R_19,54414,R_19,0,R_19,0,R_19,24,R_19,11,R_19,13,R_19,2432,R_19,1766,R_19,666,R_19,40,R_19,9846,R_19,2603,R_19,3606,10/01/2018,09/30/2019,69,2019,09
MS,3005673,R_19,2986570,3005673,53,R_19,180,R_19,2,R_19,121,R_19,668.44,R_19,213.25,R_19,881.69,R_19,38781623,R_19,6677156,R_19,594987,R_19,5251823,R_19,51305589,R_19,24500404,R_19,8522792,R_19,33023196,R_19,2639846,R_19,803002,R_19,566891,R_19,4009739,R_19,11780826,R_19,48813761,R_19,126243,R_19,0,R_19,0,R_19,65331,R_19,191574,R_19,343528,R_19,5464245,R_19,1244740,R_19,186038,R_19,491692,R_19,410374,R_19,32212,R_19,192,R_19,2597,R_19,2789,R_19,3613,R_19,428564,R_19,6982767,R_19,945576,IF19,1566933,R_19,6690243,R_19,2107490,R_19,335353,R_19,6354890,R_19,1678517,R_19,2013870,R_19,8368760,R_19,44180,IF19,42279,IF19,31874,R_19,12961,R_19,2815,R_19,775647,R_19,370401,R_19,34092,R_19,2757,R_19,1711801,R_19,2527415,IF19,2662789,10/01/2018,09/30/2019,28,2019,05
MT,988533,R_19,988533,988533,82,R_19,35,R_19,8,R_19,72.92,R_19,230.47,R_19,174.71,R_19,405.18,R_19,29063192,R_19,279418,R_19,9611,R_19,1781520,R_19,31133741,R_19,15335028,R_19,5217186,R_19,20552214,R_19,1817518,R_19,610332,R_19,455049,R_19,2882899,R_19,5381999,R_19,28817112,R_19,423631,R_19,0,R_19,0,R_19,167851,R_19,591482,R_19,964495,R_19,2411720,R_19,2136583,R_19,119395,R_19,1651477,R_19,228473,R_19,71963,R_19,210,R_19,4,R_19,214,R_19,2998,R_19,213330,R_19,4052887,R_19,519185,R_19,424227,R_19,6120962,R_19,2048865,R_19,1071992,R_19,5048970,R_19,259306,R_19,1331298,R_19,6380268,R_19,294476,R_19,272018,R_19,20209,R_19,12431,R_19,2357,R_19,369734,R_19,232929,R_19,23884,R_19,1158,R_19,828760,IF19,944256,IF19,1707554,07/01/2018,06/30/2019,30,2019,07
NC,10401960,R_19,10401960,10401960,70,R_19,322,R_19,21,R_19,799.95,R_19,865.42,R_19,2243.03,R_19,3108.45,R_19,221114770,R_19,14571180,R_19,1729113,R_19,10182316,R_19,247597379,R_19,120919589,R_19,46484871,R_19,167404460,R_19,18129599,R_19,7764326,R_19,2481325,R_19,28375250,R_19,43275342,R_19,239055052,R_19,17893962,R_19,350000,R_19,0,R_19,8082688,R_19,26326650,R_19,44044446,R_19,15426176,R_19,9483200,R_19,643455,R_19,1814771,R_19,925258,R_19,183622,R_19,510,R_19,7298,R_19,7808,R_19,18137,R_19,952238,R_19,30188495,R_19,7353410,IF19,6276545,R_19,51051030,R_19,22919355,R_19,7263054,R_19,43787976,R_19,9772384,R_19,17035438,R_19,60823414,R_19,511699,R_19,530008,R_19,155045,R_19,100669,R_19,12490,R_19,3366256,R_19,2595295,R_19,179204,R_19,7610,R_19,4902927,R_19,6533847,IF19,43086361,07/01/2018,06/30/2019,37,2019,05
ND,684668,R_19,684668,762062,79,R_19,8,R_19,11,R_19,53.3,R_19,137.53,R_19,119.9,R_19,257.43,R_19,18770573,R_19,1464292,R_19,13569,R_19,1237974,R_19,21486408,R_19,10912186,R_19,3129223,R_19,14041409,R_19,1831666,R_19,482794,R_19,462876,R_19,2777336,R_19,4912943,R_19,21731688,R_19,199592,R_19,16499,R_19,21439,R_19,68757,R_19,306287,R_19,403306,R_19,2118987,R_19,1159194,R_19,89405,R_19,1143615,R_19,143806,R_19,70022,R_19,1571,R_19,869,R_19,2440,R_19,3485,R_19,150593,R_19,2074416,IF19,346432,R_19,254097,R_19,3552881,R_19,1314393,R_19,533788,R_19,3019093,R_19,291795,R_19,825583,R_19,3844676,R_19,63611,R_19,47188,R_19,12201,R_19,7832,R_19,1459,R_19,266750,R_19,189720,R_19,20457,R_19,742,R_19,393883,R_19,2128269,IF19,862964,01/01/2019,12/31/2019,38,2019,04
NE,1591793,R_19,1591793,1929268,244,R_19,19,R_19,7,R_19,121.99,IF19,425.14,IF19,404.96,IF19,830.1,IF19,61100838,IF19,550382,IF19,9540,IF19,3175134,IF19,64835894,IF19,30926875,IF19,10353630,IF19,41280505,IF19,4706750,IF19,1949011,IF19,1385423,IF19,8041184,IF19,12064175,IF19,61385864,IF19,3753546,IF19,101250,IF19,0,IF19,2028262,IF19,5883058,IF19,7607205,IF19,5595647,IF19,4973659,IF19,240613,IF19,3112433,IF19,413865,IF19,15273,IF19,328,IF19,6100,R_19,6428,IF19,8926,IF19,450864,IF19,7164122,IF19,616746,IF19,1037088,IF19,13689544,IF19,6473406,IF19,1994960,IF19,11694584,IF19,932739,IF19,2927699,IF19,14622283,IF19,33478,IF19,32344,IF19,36547,IF19,24118,IF19,3331,IF19,858008,IF19,684099,IF19,41763,IF19,2805,IF19,1627199,IF19,3508405,IF19,4903864,01/01/2018,12/31/2019,31,2019,04
NH,1476655,R_19,1356458,1356458,224,R_19,6,R_19,0,R_19,257.13,IF19,570.88,IF19,303.37,IF19,874.25,IF19,61808588,IF19,5473,IF19,0,IF19,4575390,IF19,66389451,IF19,38109284,IF19,11146583,IF19,49255867,IF19,4194305,IF19,1113111,IF19,1024342,IF19,6331758,IF19,10041184,IF19,65628809,IF19,4637810,IF19,36706,IF19,0,IF19,3939889,IF19,8614405,IF19,14744551,IF19,5548739,IF19,6442614,R_19,275339,IF19,5796109,R_19,522136,IF19,515658,R_19,250,R_19,4689,R_19,4939,R_19,9297,IF19,397110,IF19,6849464,IF19,765355,IF19,764843,IF19,10045131,IF19,3380192,IF19,1426451,R_19,8618680,IF19,940571,R_19,2367022,R_19,10985702,IF19,296540,IF19,276627,IF19,57139,IF19,30323,IF19,4027,IF19,882793,IF19,558473,IF19,49262,IF19,1556,IF19,673357,IF19,976843,IF19,3311168,07/01/2018,12/31/2019,33,2019,01
NJ,9404597,R_19,8708750,8791894,296,R_19,144,R_19,11,R_19,1333.88,R_19,1422.61,IF19,3260.83,IF19,4683.44,IF19,484739898,IF19,4161706,IF19,549206,IF19,20311415,IF19,509762225,IF19,240632674,IF19,104851775,IF19,345484449,IF19,26854810,IF19,9581466,IF19,6658527,IF19,43094803,IF19,90359281,IF19,478938533,IF19,10842253,IF19,7362,IF19,0,IF19,1454460,IF19,12304075,IF19,14169779,IF19,25058134,IF19,13326880,IF19,1858336,IF19,9101330,IF19,2373876,IF19,1940734,IF19,3755,IF19,6512,R_19,10267,IF19,338601,IF19,1191639,IF19,42035525,IF19,6314416,IF19,4119322,IF19,51097154,IF19,20146237,IF19,5504769,IF19,45592385,IF19,4633272,IF19,10138041,IF19,55730426,IF19,2177414,IF19,2216853,IF19,246725,IF19,110878,IF19,23906,IF19,3948416,IF19,2309085,IF19,285220,IF19,8529,IF19,7397709,IF19,10420643,IF19,17938760,01/01/2019,12/31/2019,34,2019,02
NM,1501042,R_19,1501042,2059179,97,R_19,28,R_19,1,R_19,132.38,R_19,272.34,R_19,426.46,R_19,698.8,R_19,47820428,R_19,1744057,R_19,197441,R_19,4531733,R_19,54293659,R_19,22718445,R_19,9093238,IF19,31811683,R_19,3775723,R_19,2278905,R_19,1112090,R_19,7166718,R_19,10968928,R_19,49947329,R_19,4073507,R_19,21608,R_19,19246,R_19,525850,R_19,4640211,R_19,5325141,R_19,4072650,R_19,808220,R_19,198486,R_19,481196,R_19,388355,R_19,64535,R_19,367,R_19,4753,R_19,5120,R_19,5419,R_19,270175,R_19,6829489,R_19,923379,IF19,1124264,R_19,9367404,IF19,2428996,R_19,1932141,R_19,7435263,R_19,2449464,IF19,4381605,IF19,11816868,IF19,11101,IF19,19042,R_19,23710,R_19,13678,R_19,3529,IF19,440409,R_19,300883,R_19,30789,IF19,1813,R_19,1536536,IF19,3759683,IF19,4429687,07/01/2018,06/30/2019,35,2019,06
NV,3056542,R_19,3056542,3057582,20,R_19,65,R_19,3,R_19,185.48,R_19,227.86,R_19,637.39,R_19,865.25,R_19,72841742,R_19,26406660,R_19,1168799,R_19,4125659,R_19,104542860,R_19,47285556,R_19,19611538,R_19,66897094,R_19,5449384,R_19,6434491,R_19,2820778,R_19,14704653,R_19,19075699,R_19,100677446,R_19,1248943,R_19,0,R_19,0,R_19,550,R_19,1249493,R_19,21145980,R_19,3688336,R_19,834038,R_19,247640,R_19,310477,R_19,571631,R_19,86833,R_19,300,R_19,1034,R_19,1334,R_19,4660,R_19,165813,R_19,9391337,R_19,1094077,R_19,1359500,R_19,17396697,R_19,5549349,R_19,3496454,R_19,13900243,R_19,3321846,R_19,6818300,R_19,20718543,R_19,31389,R_19,34016,R_19,31228,R_19,17745,R_19,4030,R_19,753380,R_19,463960,R_19,64888,R_19,1465,R_19,2526052,R_19,1449386,IF19,12260758,07/01/2018,06/30/2019,32,2019,08
NY,19563197,R_19,19378102,19378102,755,R_19,314,R_19,13,R_19,3657.08,IF19,4450.39,IF19,8409.21,IF19,12859.6,IF19,1269952231,IF19,63320099,IF19,4898894,IF19,205216647,IF19,1543387871,IF19,689350083,IF19,301950142,IF19,991300225,IF19,60581664,IF19,30604077,IF19,13265623,IF19,104451364,IF19,274778209,IF19,1370529798,IF19,83340233,IF19,28673736,IF19,0,IF19,122758182,IF19,234772151,IF19,224162920,IF19,64494140,IF19,38646567,IF19,2880093,IF19,10105689,IF19,5495854,IF19,637420,IF19,13067,IF19,12090,IF19,25157,IF19,150098,IF19,2467877,IF19,95175355,IF19,26175586,IF19,11298570,IF19,110536318,IF19,34725754,IF19,17690274,IF19,92846044,IF19,8314973,IF19,26005247,IF19,118851291,IF19,7142910,IF19,7276081,IF19,679203,IF19,275957,IF19,73132,IF19,12040899,IF19,5996834,IF19,984262,IF19,19426,IF19,15727896,IF19,18058663,IF19,107317678,04/01/2018,12/31/2019,36,2019,02
OH,11510799,R_19,11502271,11502271,239,R_19,481,R_19,56,R_19,2057.05,IF19,2872.43,IF19,6596.55,IF19,9468.98,IF19,425178884,IF19,409706622,IF19,426606,IF19,83015251,IF19,918327363,IF19,378995541,IF19,123867551,IF19,502863092,IF19,45626264,IF19,30241305,IF19,30453470,IF19,106321039,IF19,173863265,IF19,783047396,IF19,44550,IF19,26033,IF19,112412,IF19,87068671,IF19,87251666,IF19,86062002,IF19,37946591,IF19,110549795,IF19,3045679,IF19,48384630,IF19,5615089,IF19,5916693,IF19,2401,R_19,15562,R_19,17963,R_19,92499,IF19,1952422,IF19,67937539,IF19,16533553,IF19,8473198,IF19,178936541,IF19,55554768,IF19,26412291,IF19,152524250,IF19,21844744,IF19,48257035,IF19,200781285,IF19,10927164,IF19,11779653,IF19,308471,IF19,194446,IF19,29084,IF19,7197722,IF19,5170798,IF19,465767,IF19,14268,IF19,12597536,IF19,23840254,IF19,-1,01/01/2019,12/31/2019,39,2019,03
OK,3244166,R_19,3219371,3956971,119,R_19,96,R_19,4,R_19,280.18,IF19,883.48,R_19,682.53,R_19,1566.01,R_19,125205866,R_19,1691664,R_19,548022,R_19,5020491,R_19,132466043,R_19,61591458,R_19,21614738,R_19,83206196,R_19,8352909,R_19,7083997,R_19,2850988,R_19,18287894,R_19,24412809,R_19,125906899,R_19,251295,R_19,878,R_19,10716,R_19,1091355,R_19,1354244,R_19,4908245,R_19,6152180,R_19,5813651,R_19,334495,R_19,1844255,R_19,593056,IF19,189464,R_19,513,R_19,4403,R_19,4916,R_19,29317,IF19,516098,R_19,13168513,R_19,1656948,R_19,1966138,R_19,25524348,R_19,9590258,R_19,4865532,R_19,20658816,R_19,4656615,IF19,9522147,IF19,30180963,IF19,38773,IF19,79227,IF19,52918,R_19,28825,R_19,7258,R_19,1444264,R_19,967949,R_19,106641,R_19,3187,R_19,2792768,R_19,5403665,IF19,11914039,07/01/2018,06/30/2019,40,2019,06
OR,3878377,R_19,3694645,4195300,136,R_19,85,R_19,6,R_19,452.13,IF19,546.58,IF19,1419.3,IF19,1965.88,IF19,252340482,IF19,782179,IF19,906103,IF19,14344382,IF19,268373146,IF19,102135791,IF19,55455525,IF19,157591316,IF19,11802252,IF19,9006996,IF19,3498988,IF19,24308236,IF19,60629232,IF19,242528784,IF19,35805854,IF19,7170,IF19,0,IF19,1403512,IF19,37216536,IF19,11860527,IF19,8729458,IF19,8347290,IF19,626043,IF19,4673429,IF19,1003021,IF19,710489,IF19,1158,IF19,3330,IF19,4488,IF19,12635,IF19,440967,IF19,19632424,IF19,1746603,IF19,2160740,IF19,54203756,IF19,12086221,IF19,7780546,IF19,46423210,IF19,2087175,IF19,9867721,IF19,56290931,IF19,60570,IF19,58595,IF19,74233,IF19,47832,IF19,6722,IF19,1751477,IF19,1332100,IF19,101304,IF19,3006,IF19,2655545,IF19,8627851,IF19,32957992,07/01/2018,06/30/2019,41,2019,08
PA,12446590,R_19,12434855,12702379,448,R_19,174,R_19,21,R_19,1143.07,IF19,1642.95,IF19,3147.42,IF19,4790.37,IF19,169844208,IF19,57663592,IF19,814105,IF19,68566528,IF19,296888433,IF19,185514306,IF19,71072996,IF19,256587302,IF19,19463969,IF19,10216517,IF19,4955801,IF19,34636287,IF19,83537608,IF19,374761197,IF19,696560,IF19,709881,IF19,92102,IF19,14771003,IF19,16269546,IF19,30550020,IF19,23930321,IF19,12507394,IF19,1666457,IF19,5565115,IF19,2124972,IF19,1765018,IF19,12173,R_19,48816,R_19,60989,R_19,42352,IF19,1477341,IF19,40275669,IF19,7563294,IF19,5372790,IF19,64083665,IF19,21681202,IF19,9075918,IF19,55007747,IF19,15488523,IF19,24564441,IF19,79572188,IF19,4893436,IF19,4878849,IF19,271498,IF19,165985,IF19,25797,IF19,4878313,IF19,3439128,IF19,283707,IF19,7983,IF19,5218475,IF19,9463699,IF19,29216447,01/01/2019,12/31/2019,42,2019,02
RI,1424662,R_19,1052566,1052566,47,R_19,24,R_19,2,R_19,229.47,R_19,250.04,R_19,364.76,R_19,614.8,R_19,37702389,R_19,9316045,R_19,443324,R_19,7565491,R_19,55027249,R_19,29319226,R_19,10132643,R_19,39451869,R_19,2368881,R_19,633638,R_19,618219,R_19,3620738,R_19,10931653,R_19,54004260,R_19,370067,R_19,597735,R_19,0,R_19,3284790,R_19,4252592,R_19,4200161,R_19,3144045,R_19,3565311,R_19,152187,R_19,1154008,R_19,282153,R_19,42203,R_19,199,R_19,1776,R_19,1975,R_19,4139,R_19,162605,R_19,5170991,R_19,511160,R_19,385428,R_19,6675444,R_19,2211506,R_19,940274,R_19,5735170,R_19,356830417,R_19,357770691,R_19,363505861,R_19,1143874,R_19,1154278,R_19,35649,R_19,15525,R_19,4212,R_19,556915,R_19,250915,R_19,48437,R_19,1459,R_19,761870,R_19,738571,IF19,2423732,07/01/2018,06/30/2019,44,2019,01
SC,4652360,R_19,4652360,4652360,42,R_19,160,R_19,31,R_19,514.36,R_19,587.55,R_19,1524.52,R_19,2112.07,R_19,143953189,R_19,9803909,R_19,250321,R_19,4525287,R_19,158532706,R_19,73555257,R_19,29393043,R_19,102948300,R_19,10129015,R_19,6280791,R_19,3403102,R_19,19812908,R_19,24820265,R_19,147581473,R_19,9615251,R_19,50478,R_19,149600,R_19,0,R_19,9815329,R_19,12820391,R_19,8483320,R_19,3792237,R_19,413452,R_19,3129387,R_19,802519,R_19,422210,R_19,367,R_19,2142,R_19,2509,R_19,36027,R_19,512509,R_19,13591790,R_19,2545022,R_19,2579738,R_19,24546176,R_19,8831490,R_19,4475701,R_19,20070475,R_19,8201188,R_19,12676889,R_19,32747364,R_19,342733,R_19,367928,R_19,50439,R_19,28070,R_19,4915,R_19,1274633,R_19,875869,R_19,132654,R_19,4332,R_19,3116061,R_19,3641987,R_19,18086380,07/01/2018,06/30/2019,45,2019,05
SD,1270281,R_19,774127,884659,111,R_19,30,R_19,4,R_19,44.86,IF19,174.11,IF19,182.87,IF19,356.98,IF19,27122714,IF19,0,IF19,302764,IF19,994884,IF19,28420362,IF19,14240412,IF19,4555426,IF19,18795838,IF19,1894388,IF19,1016679,IF19,451498,IF19,3362565,IF19,5056041,IF19,27214444,IF19,889483,IF19,0,IF19,0,IF19,143625,IF19,1033108,IF19,1316283,IF19,2767347,IF19,2112628,IF19,130591,IF19,826322,IF19,179967,IF19,830,IF19,190,IF19,6352,IF19,6542,IF19,3891,IF19,259503,IF19,3692708,IF19,360210,IF19,374040,IF19,5821652,IF19,2434438,IF19,800870,IF19,5020782,IF19,429009,IF19,1229879,IF19,6250661,IF19,32020,IF19,41820,IF19,16732,IF19,11500,IF19,1723,IF19,332099,IF19,256955,IF19,22325,IF19,1128,IF19,947131,IF19,889931,IF19,1600192,01/01/2019,12/31/2019,46,2019,04
TN,6600484,R_19,6600484,6770010,186,R_19,98,R_19,3,R_19,308.2,R_19,646.49,R_19,1335.36,R_19,1981.85,R_19,132575721,R_19,355437,R_19,379963,R_19,7047167,R_19,140358288,R_19,67370077,R_19,23444488,R_19,90814565,R_19,9232000,R_19,3770734,R_19,1284304,R_19,14287038,R_19,30466763,R_19,135568366,R_19,10037957,R_19,139715,R_19,13361,R_19,994632,R_19,11185665,R_19,10838010,R_19,10883669,R_19,25323904,R_19,519870,IF19,11685009,IF19,817309,R_19,675719,IF19,446,R_19,12648,R_19,13094,R_19,9572,R_19,645823,R_19,18036275,IF19,3317971,IF19,3359946,R_19,28621253,R_19,10246094,R_19,6822741,R_19,21798512,R_19,4244195,IF19,11066936,IF19,32865448,IF19,118258,IF19,137038,IF19,87628,R_19,42778,R_19,12521,R_19,1749093,R_19,1162969,R_19,147356,R_19,5915,R_19,4165540,R_19,4906425,IF19,18597586,07/01/2018,06/30/2019,47,2019,05
TX,26435056,IF19,26315238,28701845,553,R_19,328,R_19,12,R_19,1759.56,IF19,2607.63,IF19,4548.47,IF19,7156.1,IF19,566569119,IF19,77452,IF19,1935876,IF19,21804699,IF19,590387146,IF19,286657088,IF19,114126306,IF19,400783394,IF19,37411846,IF19,20529147,IF19,9320096,IF19,67261089,IF19,109892059,IF19,577936542,IF19,18471607,IF19,0,IF19,180655,IF19,4301733,IF19,22953995,IF19,50710668,IF19,36611607,IF19,12865278,IF19,1912210,IF19,5384204,IF19,3461535,IF19,522865,IF19,2622,IF19,30616,IF19,33238,IF19,38683,IF19,1962700,IF19,66097346,IF19,13453389,IF19,14887314,IF19,116614471,IF19,48120080,IF19,17280509,IF19,99333962,IF19,39219684,IF19,56500193,IF19,155834155,IF19,647872,IF19,689795,IF19,322088,IF19,166156,IF19,31795,IF19,7310988,IF19,5009937,IF19,495476,IF19,20980,IF19,11418535,IF19,65610826,IF19,63166487,02/01/2018,12/31/2019,48,2019,06
UT,3096581,R_19,3096581,3161105,61,R_19,61,R_19,13,R_19,254.77,IF19,425.69,R_19,919.47,R_19,1345.16,R_19,124027825,R_19,1267087,R_19,352010,R_19,4145425,IF19,129792347,IF19,52769577,R_19,23257349,R_19,76026926,R_19,7816815,R_19,4188851,IF19,2655135,IF19,14660801,IF19,28346698,R_19,119034425,IF19,13342272,IF19,35962,IF19,6000,IF19,60132,IF19,13444366,IF19,11860826,IF19,6358748,R_19,3911044,R_19,584485,R_19,3131194,R_19,696778,R_19,157731,R_19,233,R_19,3925,R_19,4158,R_19,8266,IF19,319040,IF19,14821815,IF19,2769644,IF19,1752182,R_19,35488257,R_19,15790599,IF19,5667457,R_19,29820800,R_19,1213253,IF19,6880710,IF19,36701510,IF19,43583,R_19,51958,R_19,50954,IF19,30432,IF19,5378,IF19,1539068,IF19,1097285,IF19,97032,IF19,2465,IF19,1956660,IF19,3926709,IF19,13549417,07/01/2018,12/31/2019,49,2019,07
VA,8403629,R_19,8403537,8535519,82,R_19,282,R_19,23,R_19,927.95,R_19,1046.39,R_19,3234.52,R_19,4280.91,R_19,290397064,R_19,15984434,R_19,48747,R_19,1990390,R_19,308420635,R_19,163580815,R_19,57013508,R_19,220594323,R_19,17590995,R_19,9485725,R_19,4564382,R_19,31641102,R_19,53149308,R_19,305384733,R_19,12848842,R_19,0,IF19,0,IF19,470915,IF19,13319757,R_19,10053157,R_19,15399727,R_19,15224705,R_19,866211,R_19,8872981,R_19,1332642,R_19,1338411,IF19,813,R_19,5301,R_19,6114,R_19,21631,R_19,937405,R_19,33548345,R_19,6333620,IF19,4860537,R_19,60979381,R_19,24003490,IF19,9190129,IF19,51789252,R_19,8953052,IF19,18143181,IF19,69932433,R_19,134899,IF19,162678,R_19,139905,R_19,80850,R_19,12167,R_19,3211194,R_19,2124890,R_19,202884,R_19,8083,R_19,5759206,IF19,11764719,IF19,30618129,07/01/2018,06/30/2019,51,2019,05
VI,106405,R_19,106405,106405,0,R_19,5,R_19,3,R_19,3,R_19,3,R_19,23,R_19,26,R_19,0,R_19,1259666,R_19,132561,R_19,56240,R_19,1448467,R_19,736291,R_19,338424,R_19,1074715,R_19,59127,R_19,0,R_19,0,R_19,59127,R_19,314625,R_19,1448467,R_19,-1,U_19,-1,U_19,-1,U_19,-1,U_19,-1,U_19,-1,U_19,176762,R_19,-1,U_19,629,R_19,-1,U_19,4637,R_19,-1,U_19,-1,U_19,-1,U_19,-1,U_19,77,R_19,7840,R_19,-1,U_19,-1,U_19,-1,U_19,13106,R_19,4639,R_19,-1,U_19,13106,R_19,-1,U_19,-1,U_19,13106,R_19,-1,U_19,-1,U_19,5,R_19,4,R_19,1,R_19,100,R_19,70,R_19,30,R_19,15,R_19,-1,U_19,-1,U_19,-1,10/01/2018,09/30/2019,78,2019,09
VT,631386,R_19,603973,626299,183,R_19,3,R_19,4,R_19,77.09,IF19,252.15,IF19,134.83,IF19,386.98,IF19,21909683,IF19,0,R_19,47982,IF19,4590436,IF19,26548101,IF19,15575840,IF19,4137726,IF19,19713566,IF19,1763551,IF19,377143,IF19,422335,IF19,2563029,IF19,5878095,IF19,28154690,IF19,329840,IF19,103840,IF19,219907,IF19,2072661,IF19,2726248,IF19,3201165,IF19,2922933,IF19,1532115,IF19,131636,IF19,1358035,IF19,247207,IF19,1744,IF19,708,IF19,9384,R_19,10092,IF19,5038,IF19,281722,IF19,3480676,IF19,410505,IF19,320162,IF19,4256188,IF19,1380456,IF19,445050,IF19,3811138,IF19,186432,IF19,631482,IF19,4442620,IF19,78290,IF19,81891,IF19,31810,IF19,16842,IF19,2006,IF19,448576,IF19,285143,IF19,17089,IF19,1082,IF19,436609,IF19,615044,IF19,1811568,01/01/2018,12/31/2019,50,2019,01
WA,7436699,R_19,7436699,7546410,52,R_19,298,R_19,30,R_19,757.75,IF19,874.37,IF19,3030.73,IF19,3905.1,IF19,473920743,IF19,392886,IF19,681533,IF19,25220694,IF19,500215856,IF19,228948003,IF19,91367018,IF19,320315021,IF19,26588230,IF19,21917938,IF19,7877479,IF19,56383647,IF19,93320911,IF19,470019579,IF19,6263780,IF19,35000,IF19,0,IF19,2122331,IF19,8421111,IF19,17959580,IF19,11857230,IF19,5303739,R_19,937540,IF19,2022571,R_19,1398966,IF19,252122,IF19,1063,IF19,1516,R_19,2579,R_19,41722,IF19,819184,IF19,36055237,IF19,3294008,IF19,4130090,IF19,86799553,IF19,27629858,IF19,21334889,R_19,65464664,IF19,8375800,IF19,29710689,IF19,95175353,IF19,634195,IF19,688524,IF19,108870,IF19,59949,IF19,14728,IF19,2463752,IF19,1656203,IF19,358647,IF19,6743,IF19,6109495,IF19,23044416,IF19,24673301,01/01/2019,12/31/2019,53,2019,08
WI,5843443,R_19,5843443,5843443,378,R_19,82,R_19,6,R_19,754.88,R_19,1241.72,R_19,1877.05,R_19,3118.77,R_19,235168909,R_19,4110135,R_19,418254,R_19,27295307,R_19,266992605,R_19,130070719,R_19,40871341,R_19,170942060,R_19,15806568,R_19,3124603,R_19,5917546,R_19,24848717,R_19,53272278,R_19,249063055,R_19,23528320,R_19,6996,R_19,1177911,R_19,5983514,R_19,30696741,R_19,33417602,R_19,17776511,R_19,60199227,IF19,1477203,R_19,22776171,IF19,2295803,R_19,533272,IF19,2459,R_19,19050,R_19,21509,R_19,31566,R_19,1090249,R_19,29071153,IF19,3709965,IF19,3103291,IF19,54093419,R_19,19431885,R_19,6135627,IF19,47957792,R_19,3524243,IF19,9659870,IF19,57617662,IF19,8549054,R_19,8671983,R_19,122607,R_19,70044,R_19,9346,R_19,2851692,IF19,2007222,IF19,137826,IF19,6416,R_19,3485019,IF19,12434486,IF19,16658850,01/01/2019,12/31/2019,55,2019,03
WV,1852994,R_19,1852994,1852994,97,R_19,73,R_19,9,R_19,85.46,R_19,380.59,R_19,272.38,R_19,652.97,R_19,28701511,R_19,9923743,R_19,48904,R_19,3611516,R_19,42285674,R_19,19144370,R_19,5778362,R_19,24922732,R_19,3125757,R_19,1392337,R_19,782083,R_19,5300177,R_19,8151349,R_19,38374258,R_19,553310,R_19,460351,R_19,448127,R_19,1150301,R_19,2612089,R_19,2791732,R_19,4735712,R_19,9084892,IF19,203906,R_19,19438250,R_19,362498,R_19,664018,R_19,357,R_19,1649,R_19,2006,R_19,5121,R_19,372886,R_19,4666875,R_19,619933,R_19,947703,R_19,6412643,R_19,1962994,IF19,1184598,R_19,5228045,R_19,1878323,IF19,3062921,IF19,8290966,IF19,105382,IF19,107418,IF19,27869,R_19,18680,R_19,2103,R_19,485704,R_19,366833,R_19,28380,R_19,1383,R_19,730380,R_19,193076,R_19,4166817,07/01/2018,06/30/2019,54,2019,05
WY,577737,R_19,577737,579315,23,R_19,53,R_19,2,R_19,50.65,R_19,162.74,R_19,239.98,R_19,402.72,R_19,29771355,R_19,0,IF19,0,IF19,2325792,R_19,32097147,IF19,16863438,R_19,6634691,R_19,23498129,R_19,1492660,IF19,543960,IF19,633220,IF19,2669840,IF19,5960159,IF19,32128128,IF19,76921,IF19,0,IF19,0,IF19,0,IF19,76921,IF19,191234,IF19,2247490,IF19,1396463,R_19,158272,IF19,956534,R_19,255227,IF19,75379,IF19,69,IF19,1794,R_19,1863,IF19,2961,R_19,137376,R_19,3124031,R_19,449936,IF19,366080,R_19,4505787,IF19,1732605,R_19,510957,IF19,3994830,R_19,2698169,R_19,3209126,IF19,7203956,IF19,35895,R_19,30091,IF19,16177,R_19,10735,R_19,1849,R_19,360437,R_19,263316,R_19,24682,IF19,897,R_19,621399,IF19,441545,IF19,860570,07/01/2018,06/30/2019,56,2019,07
